"name","count"
"Aaliyah",69917
"Aaron",557843
"Abagail",5368
"Abbey",16773
"Abbie",21197
"Abbigail",10804
"Abby",55582
"Abdul",5344
"Abdullah",5715
"Abe",8932
"Abel",41245
"Abigail",322051
"Abigale",5206
"Abigayle",5635
"Abner",7033
"Abraham",81459
"Abram",13939
"Abril",6672
"Ace",6538
"Ada",91806
"Adalyn",10725
"Adalynn",8643
"Adam",536164
"Adan",23960
"Addie",44005
"Addison",109778
"Addisyn",6651
"Addyson",12731
"Adela",11842
"Adelaide",22451
"Adele",38374
"Adelina",9025
"Adeline",44754
"Adell",7179
"Adella",5229
"Adelyn",9633
"Aden",17279
"Adina",5759
"Adolfo",15028
"Adolph",18724
"Adonis",6923
"Adria",5808
"Adrian",226908
"Adriana",83593
"Adriane",6325
"Adrianna",41501
"Adrianne",12932
"Adriel",8019
"Adrien",8652
"Adrienne",66122
"Afton",5153
"Agatha",8330
"Agnes",157593
"Agustin",13876
"Ahmad",15467
"Ahmed",12067
"Aida",11773
"Aidan",104685
"Aiden",159629
"Aileen",32851
"Aimee",52672
"Ainsley",12661
"Aisha",19461
"Aiyana",7038
"Aja",7617
"Akeem",5409
"Akira",6804
"Al",17162
"Alaina",33581
"Alan",340148
"Alana",50785
"Alani",5081
"Alanna",19643
"Alayna",22039
"Alba",5702
"Albert",488016
"Alberta",70658
"Albertha",5144
"Alberto",58749
"Alden",14322
"Aldo",14542
"Aleah",10965
"Alec",50566
"Alecia",11755
"Aleena",6950
"Alejandra",48104
"Alejandro",125644
"Alena",11509
"Alene",8652
"Alesha",7299
"Alesia",7210
"Alessandra",14871
"Alessandro",6815
"Aleta",6334
"Aletha",6890
"Alex",269541
"Alexa",108259
"Alexander",624747
"Alexandra",223746
"Alexandrea",8242
"Alexandria",93397
"Alexandro",6222
"Alexi",5178
"Alexia",40536
"Alexis",388463
"Alexus",18469
"Alexzander",5460
"Alfonso",38855
"Alfonzo",5508
"Alfred",242145
"Alfreda",11409
"Alfredo",52991
"Ali",31852
"Alia",8512
"Alice",551034
"Alicia",222834
"Alijah",7984
"Alina",24251
"Aline",14235
"Alisa",32498
"Alisha",54496
"Alison",109130
"Alissa",36713
"Alivia",22166
"Aliya",7593
"Aliyah",31451
"Aliza",7297
"Alize",5001
"Allan",93417
"Allen",266094
"Allene",8742
"Allie",47384
"Allison",284603
"Ally",8300
"Allyson",48445
"Allyssa",6428
"Alma",159764
"Alondra",35147
"Alonso",8744
"Alonzo",39671
"Aloysius",5512
"Alpha",9319
"Alphonse",10099
"Alphonso",14951
"Alta",28718
"Althea",16267
"Alton",46484
"Alva",19754
"Alvaro",14137
"Alvin",158190
"Alvina",10265
"Alvis",5382
"Alyce",16978
"Alycia",9648
"Alysa",6792
"Alyse",6777
"Alysha",9117
"Alysia",9074
"Alyson",26818
"Alyssa",296741
"Amalia",11007
"Amanda",783945
"Amani",10647
"Amara",9167
"Amari",24031
"Amaris",6016
"Amaya",23556
"Amber",368205
"Amberly",5443
"Ambrose",8154
"Amelia",147074
"Amelie",5553
"America",11829
"Ami",7407
"Amie",21175
"Amina",7983
"Amir",23049
"Amira",10282
"Amirah",5175
"Amiya",5701
"Amiyah",8474
"Amos",32085
"Amy",686439
"Amya",8339
"Ana",96419
"Anabel",8942
"Anabelle",7066
"Anahi",13575
"Anais",6006
"Anastasia",37624
"Anaya",9242
"Anderson",22840
"Andra",7975
"Andre",119723
"Andrea",429394
"Andreas",6853
"Andres",77290
"Andrew",1260738
"Andria",8738
"Andy",86338
"Angel",301425
"Angela",661381
"Angelia",22011
"Angelica",87623
"Angelina",112228
"Angeline",34727
"Angelique",26818
"Angelita",11465
"Angelo",74918
"Angie",60985
"Angus",5895
"Anika",12523
"Anissa",11574
"Anita",213995
"Aniya",14497
"Aniyah",20318
"Ann",468874
"Anna",876488
"Annabel",12406
"Annabell",6085
"Annabella",10431
"Annabelle",48669
"Annalee",5250
"Annalisa",5031
"Annalise",8875
"Annamarie",11092
"Anne",320300
"Annemarie",11606
"Annetta",8731
"Annette",167770
"Annie",348017
"Annika",15647
"Annmarie",18133
"Ansley",8982
"Anson",5710
"Anthony",1410142
"Antionette",9081
"Antoine",26021
"Antoinette",78073
"Anton",22116
"Antone",5829
"Antonette",7744
"Antonia",34364
"Antonio",239612
"Antony",9608
"Antwan",11727
"Antwon",5911
"Anya",14140
"April",236374
"Arabella",10825
"Araceli",17332
"Aracely",8400
"Archer",6288
"Archie",51062
"Ardell",5035
"Arden",11532
"Ardis",7388
"Ardith",5712
"Areli",5183
"Arely",8135
"Aretha",5625
"Ari",13280
"Aria",23911
"Arian",5001
"Ariana",82954
"Arianna",76483
"Aric",7173
"Ariel",77402
"Ariella",6773
"Arielle",21347
"Arjun",6226
"Arleen",12159
"Arlen",7088
"Arlene",141917
"Arlie",8632
"Arline",17569
"Arlo",5927
"Armand",14929
"Armando",70432
"Armani",13647
"Arnold",103197
"Arnulfo",6024
"Aron",17881
"Arron",7954
"Art",5858
"Arther",5021
"Arthur",526332
"Artie",10709
"Artis",6117
"Arturo",51970
"Arya",7135
"Aryan",5127
"Aryana",5421
"Aryanna",7175
"Asa",15635
"Asha",7151
"Ashanti",11891
"Ashely",6462
"Asher",32981
"Ashlee",43148
"Ashleigh",31398
"Ashley",850258
"Ashli",5639
"Ashlie",9937
"Ashly",10868
"Ashlyn",42367
"Ashlynn",20549
"Ashton",77008
"Ashtyn",5981
"Asia",30734
"Aspen",12368
"Astrid",7420
"Athena",24569
"Atticus",6026
"Aubree",26935
"Aubrey",116026
"Aubrie",10707
"Audie",6151
"Audra",24247
"Audrey",263873
"Audrina",6400
"August",39981
"Augusta",17749
"Augustine",15358
"Augustus",14259
"Aurelia",11663
"Aurelio",6461
"Aurora",40067
"Austen",7823
"Austin",395484
"Austyn",6664
"Autumn",108747
"Ava",202253
"Averie",6399
"Avery",138423
"Avis",17868
"Axel",26929
"Ayana",9574
"Ayanna",13998
"Ayden",57795
"Ayla",14526
"Aylin",8456
"Azariah",5002
"Baby",11832
"Bailee",12188
"Bailey",109152
"Bambi",5174
"Barbara",1437083
"Barbra",7757
"Barney",16138
"Baron",5696
"Barrett",14603
"Barry",180519
"Bart",16337
"Barton",9289
"Basil",12515
"Baylee",17505
"Beatrice",189624
"Beatriz",17095
"Beau",28762
"Beckett",8330
"Becky",86576
"Belen",8517
"Belinda",71480
"Bella",45283
"Belle",16194
"Belva",7954
"Ben",82144
"Benedict",8143
"Benita",13516
"Benito",13267
"Benjamin",694911
"Bennett",30136
"Bennie",61831
"Benny",46996
"Benson",7317
"Bentley",30621
"Benton",8365
"Berenice",8869
"Bernadette",53059
"Bernadine",21897
"Bernard",199400
"Bernardo",9661
"Bernice",184961
"Bernie",10617
"Berniece",9907
"Berry",5984
"Bert",34120
"Berta",7216
"Bertha",208444
"Bertie",14491
"Bertram",7868
"Beryl",12373
"Bess",7132
"Bessie",170733
"Beth",159291
"Bethany",95216
"Bethel",5567
"Betsy",47976
"Bette",34819
"Bettie",38374
"Bettina",6379
"Betty",1002470
"Bettye",22969
"Beulah",73261
"Beverley",13357
"Beverly",381053
"Bianca",69606
"Bill",160871
"Billie",132585
"Billy",386873
"Birdie",12052
"Blaine",31149
"Blair",26744
"Blaise",6763
"Blake",168950
"Blanca",24457
"Blanch",6450
"Blanche",87563
"Blaze",5535
"Bo",9465
"Bob",93183
"Bobbi",23486
"Bobbie",106364
"Bobby",321844
"Bonita",37691
"Bonnie",326970
"Bonny",6432
"Booker",10920
"Boston",6600
"Boyce",5443
"Boyd",26692
"Brad",82864
"Braden",42424
"Bradford",31533
"Bradley",299392
"Bradly",9115
"Brady",83391
"Braeden",12588
"Braelyn",6884
"Braiden",6344
"Brandan",5610
"Brandee",5447
"Branden",26884
"Brandi",101600
"Brandie",15765
"Brandon",744959
"Brandt",5371
"Brandy",108119
"Branson",5295
"Brant",8987
"Brantley",14010
"Braxton",36098
"Brayan",12952
"Brayden",97445
"Braydon",11778
"Braylen",7212
"Braylon",13006
"Breana",10997
"Breann",5653
"Breanna",80063
"Breanne",10079
"Bree",7910
"Brenda",607934
"Brendan",87501
"Brenden",24324
"Brendon",19072
"Brenna",27313
"Brennan",31284
"Brennen",8477
"Brent",138584
"Brenton",13796
"Bret",29778
"Brett",159644
"Bria",13079
"Brian",1162528
"Briana",90822
"Brianna",241577
"Brianne",19986
"Brice",14813
"Bridget",87915
"Bridgett",12898
"Bridgette",22848
"Brielle",22283
"Brigette",5577
"Brigid",5749
"Brigitte",8369
"Briley",5939
"Brinley",5041
"Brisa",7215
"Britany",6230
"Britney",34075
"Britt",7478
"Brittani",11707
"Brittany",357551
"Brittney",81803
"Brittni",5991
"Britton",6980
"Brock",38656
"Broderick",7845
"Brodie",8772
"Brody",56800
"Bronson",7562
"Brook",13346
"Brooke",185177
"Brooklyn",81153
"Brooklynn",25210
"Brooks",21037
"Bruce",381426
"Bruno",14678
"Bryan",374790
"Bryana",5767
"Bryanna",17852
"Bryant",48441
"Bryce",106575
"Brycen",8794
"Brylee",7273
"Bryn",7211
"Brynlee",6667
"Brynn",19506
"Bryon",14466
"Bryson",46926
"Buck",6055
"Bud",9395
"Buddy",22270
"Buford",10945
"Burl",7173
"Burt",6550
"Burton",22245
"Buster",8037
"Byron",78925
"Cade",24032
"Caden",53812
"Cadence",17872
"Caiden",14471
"Caitlin",110696
"Caitlyn",50600
"Cale",7681
"Caleb",253220
"Cali",12492
"Calista",5948
"Callie",52584
"Calvin",193383
"Camden",34617
"Cameron",278335
"Cami",5167
"Camila",44358
"Camilla",19060
"Camille",63229
"Campbell",8698
"Camren",5944
"Camron",13591
"Camryn",26089
"Candace",84341
"Candi",7338
"Candice",67453
"Candis",5161
"Candy",28167
"Cannon",5783
"Cara",50452
"Caren",9509
"Carey",29362
"Cari",12525
"Carina",14380
"Carissa",27477
"Carl",504555
"Carla",147830
"Carlee",11076
"Carleen",6699
"Carlene",15078
"Carley",15978
"Carli",7924
"Carlie",14683
"Carlo",14001
"Carlos",278221
"Carlotta",6147
"Carlton",48490
"Carly",60857
"Carmel",8364
"Carmela",22910
"Carmelita",6840
"Carmella",18870
"Carmelo",9223
"Carmen",150900
"Carmine",12755
"Carnell",5000
"Carol",824433
"Carolann",5564
"Carole",110864
"Carolina",40133
"Caroline",211595
"Carolyn",555370
"Carolynn",5975
"Carrie",266508
"Carrol",10317
"Carroll",41268
"Carson",94131
"Carter",121609
"Cary",29468
"Caryl",6690
"Caryn",12148
"Casandra",15584
"Casey",183655
"Cash",13653
"Cason",6514
"Cassandra",165953
"Cassidy",54917
"Cassie",44938
"Catalina",14873
"Catharine",12898
"Catherine",655560
"Cathie",5586
"Cathleen",29790
"Cathrine",7686
"Cathryn",16020
"Cathy",170287
"Catrina",10018
"Cayden",28521
"Cayla",10184
"Caylee",7544
"Cecelia",54337
"Cecil",113421
"Cecile",20352
"Cecilia",89756
"Cecily",6992
"Cedric",39892
"Cedrick",5877
"Celeste",54822
"Celestine",9718
"Celia",53018
"Celina",13803
"Celine",9591
"Cesar",68240
"Chad",239849
"Chadwick",12946
"Chaim",7865
"Chana",9878
"Chance",43354
"Chanda",6095
"Chandler",38309
"Chandra",17296
"Chanel",15613
"Channing",8497
"Chantal",8206
"Chantel",14713
"Chantelle",6446
"Charisse",5273
"Charity",33837
"Charla",7953
"Charlee",8101
"Charleen",7321
"Charlene",132768
"Charles",2376700
"Charley",28858
"Charlie",180617
"Charline",6154
"Charlotte",312022
"Charmaine",15253
"Chase",148053
"Chasity",23544
"Chastity",9572
"Chauncey",9754
"Chaya",10644
"Chaz",9267
"Chelsea",156837
"Chelsey",30908
"Chelsie",13550
"Cheri",36015
"Cherie",29839
"Cherish",9015
"Cherry",11374
"Cheryl",439974
"Cheryle",5475
"Chester",121217
"Chet",5606
"Cheyanne",14350
"Cheyenne",67123
"Chiquita",6222
"Chloe",181216
"Chris",165415
"Christa",32451
"Christal",9538
"Christen",13313
"Christi",20853
"Christian",411017
"Christiana",9576
"Christie",46573
"Christin",12039
"Christina",475075
"Christine",585454
"Christopher",2004177
"Christy",99879
"Chrystal",15632
"Chuck",17796
"Chyna",5178
"Ciara",32345
"Ciera",11150
"Cierra",26975
"Cindi",7685
"Cindy",256257
"Cinthia",5870
"Clair",15997
"Claire",169800
"Clara",268980
"Clare",30959
"Clarence",303769
"Clarice",25093
"Clarissa",37007
"Clark",42132
"Claud",10940
"Claude",91800
"Claudette",18680
"Claudia",125935
"Claudie",6716
"Claudine",11304
"Claudio",5008
"Clay",35864
"Clayton",125856
"Clement",13579
"Clementine",8231
"Cleo",41360
"Cletus",7616
"Cleveland",21819
"Cliff",8965
"Clifford",188666
"Clifton",69590
"Clint",31659
"Clinton",96481
"Clyde",145134
"Coby",8545
"Cody",283314
"Cohen",9523
"Colby",52245
"Cole",122581
"Coleen",11965
"Coleman",15490
"Colette",20496
"Colin",118459
"Colleen",162165
"Collette",6845
"Collin",72619
"Colt",12407
"Colten",12670
"Colton",99410
"Columbus",7486
"Concepcion",6130
"Concetta",14083
"Conner",49102
"Connie",273055
"Connor",185318
"Conor",19814
"Conrad",33316
"Constance",138957
"Constantine",5639
"Consuelo",16844
"Cooper",67527
"Cora",122036
"Coral",9566
"Corbin",29871
"Cordelia",10201
"Cordell",9950
"Corey",187765
"Cori",12038
"Corina",15229
"Corine",14511
"Corinna",6682
"Corinne",46692
"Cornelia",21656
"Cornelius",35896
"Cornell",11320
"Corrie",9377
"Corrina",5534
"Corrine",20340
"Cortez",9520
"Cortney",19911
"Cory",130974
"Coty",6154
"Courtney",278591
"Coy",16832
"Craig",298912
"Cristal",15205
"Cristian",58936
"Cristina",50638
"Cristobal",6605
"Cristopher",10193
"Cristy",8067
"Cruz",23101
"Crystal",329477
"Cullen",12659
"Curt",16582
"Curtis",258765
"Curtiss",5053
"Cynthia",709085
"Cyril",11658
"Cyrus",18893
"Dahlia",8324
"Daisy",135454
"Dakota",110053
"Dale",298378
"Dalia",11222
"Dallas",67028
"Dalton",77775
"Damaris",11635
"Damian",73107
"Damien",51735
"Damion",15616
"Damon",61445
"Dan",106053
"Dana",243517
"Danae",6322
"Dandre",6959
"Dane",30617
"Danelle",7060
"Danette",10302
"Dangelo",6888
"Dani",7451
"Dania",6511
"Danial",9234
"Danica",13945
"Daniel",1876880
"Daniela",53658
"Daniella",25128
"Danielle",365169
"Danika",9133
"Danita",7477
"Danna",17009
"Dannie",10957
"Danny",282227
"Dante",40149
"Danyelle",5662
"Daphne",32559
"Daquan",7387
"Dara",12583
"Darby",10089
"Darci",6204
"Darcie",5374
"Darcy",23580
"Daren",10655
"Daria",7884
"Darian",20327
"Darien",11140
"Darin",32395
"Dario",8458
"Darion",7091
"Darius",49097
"Darla",41599
"Darleen",8150
"Darlene",204162
"Darline",5027
"Darnell",29799
"Daron",7364
"Darrel",29622
"Darrell",159118
"Darren",100628
"Darrick",7919
"Darrin",29240
"Darrius",7096
"Darron",5970
"Darryl",92053
"Darwin",23720
"Daryl",66294
"Dashawn",8550
"Dave",63761
"David",3590557
"Davin",9760
"Davina",7001
"Davion",10800
"Davis",27122
"Davon",12376
"Dawn",289628
"Dawna",5996
"Dawson",30444
"Dax",5396
"Dayana",9712
"Dayanara",5939
"Dayna",14158
"Dayton",13703
"Deacon",5110
"Dean",170779
"Deana",23270
"Deandra",5659
"Deandre",26607
"Deangelo",10575
"Deann",10168
"Deanna",133310
"Deanne",14828
"Debbie",188008
"Debby",9682
"Debora",29199
"Deborah",740931
"Debra",551325
"Declan",21381
"Dee",23063
"Deena",13282
"Deidra",10244
"Deidre",14651
"Deirdre",16659
"Deja",15409
"Dejuan",5074
"Delaney",32771
"Delano",5183
"Delbert",46831
"Delia",35623
"Delilah",28553
"Dell",6502
"Della",66927
"Delma",9882
"Delmar",14145
"Delmer",7621
"Delois",8620
"Delores",118023
"Deloris",34751
"Delphine",9976
"Delvin",5000
"Demarco",5015
"Demarcus",12286
"Demario",5798
"Demetria",10741
"Demetrius",34688
"Demi",6771
"Demond",5547
"Dena",32132
"Denice",10595
"Denis",20424
"Denise",372626
"Denisse",5840
"Dennis",618268
"Denny",15470
"Denver",15075
"Denzel",9778
"Deon",15166
"Deonte",7460
"Dereck",6121
"Derek",225160
"Derick",18195
"Derik",5185
"Deron",5466
"Derrell",5702
"Derrick",140553
"Deshaun",5225
"Deshawn",15458
"Desirae",12289
"Desiree",81063
"Desmond",30220
"Dessie",11649
"Destin",5376
"Destinee",15506
"Destiney",7408
"Destini",7298
"Destiny",140690
"Devan",17785
"Devante",7624
"Deven",11247
"Devin",162944
"Devon",88435
"Devonte",10513
"Devyn",13041
"Dewayne",25860
"Dewey",34631
"Dewitt",7150
"Dexter",30815
"Diamond",33893
"Dian",5444
"Diana",355198
"Diane",519070
"Diann",12251
"Dianna",55382
"Dianne",95230
"Dick",29318
"Diego",94427
"Dillan",6558
"Dillon",60909
"Dimitri",7331
"Dina",30143
"Dinah",9995
"Dino",8749
"Dion",18092
"Dionne",10086
"Dirk",10705
"Dixie",42930
"Dock",5365
"Dollie",19198
"Dolly",19774
"Dolores",212164
"Domenic",10184
"Domingo",13560
"Dominic",147330
"Dominick",59472
"Dominik",7394
"Dominique",71327
"Dominque",6224
"Domonique",6870
"Don",167699
"Dona",19000
"Donald",1414511
"Donavan",7629
"Donavon",5087
"Donell",5277
"Donita",5189
"Donn",6584
"Donna",832504
"Donnell",14828
"Donnie",66992
"Donny",12583
"Donovan",52221
"Dontae",5262
"Donte",14636
"Dora",105496
"Dorcas",6954
"Doreen",46240
"Dorene",7921
"Doretha",8562
"Dorian",22703
"Doris",464738
"Dorothea",33719
"Dorothy",1109362
"Dorris",9034
"Dorsey",6212
"Dortha",6811
"Dorthy",20329
"Dottie",8992
"Doug",22459
"Douglas",558092
"Douglass",5755
"Dovie",8892
"Doyle",30519
"Drake",30941
"Draven",5673
"Drew",78071
"Duane",115518
"Dudley",11888
"Duke",6632
"Dulce",16357
"Duncan",18637
"Dustin",204529
"Dusty",14572
"Dwain",7508
"Dwayne",75122
"Dwight",78058
"Dylan",341057
"Earl",290364
"Earle",11788
"Earlene",14169
"Earline",16581
"Earnest",58807
"Earnestine",16131
"Easter",5574
"Easton",29489
"Eboni",6460
"Ebony",39035
"Ed",26307
"Edd",5450
"Eddie",223873
"Eddy",13106
"Eden",30124
"Edgar",148726
"Edgardo",5583
"Edison",8066
"Edith",264833
"Edmond",24133
"Edmund",50248
"Edna",294989
"Eduardo",98947
"Edward",1286568
"Edwardo",6633
"Edwin",238135
"Edwina",15393
"Edythe",13789
"Effie",43680
"Efrain",16892
"Efren",7331
"Eileen",185220
"Elaina",19154
"Elaine",256481
"Elana",7572
"Elbert",33482
"Elda",8845
"Elden",5489
"Eldon",25456
"Eldridge",5151
"Eleanor",268153
"Eleanora",5589
"Eleanore",17503
"Elena",64106
"Eli",94839
"Elia",7066
"Eliana",25903
"Elias",62119
"Elida",7372
"Eliezer",5786
"Elijah",241239
"Elinor",19868
"Eliot",6515
"Elisa",40215
"Elisabeth",44518
"Elise",58991
"Eliseo",8332
"Elisha",25645
"Elissa",16241
"Eliza",45962
"Elizabeth",1606282
"Ella",273663
"Elle",10515
"Ellen",272422
"Elliana",7943
"Ellie",45349
"Elliot",35749
"Elliott",40146
"Ellis",41449
"Ellsworth",7305
"Elma",21862
"Elmer",129482
"Elmo",10325
"Elnora",21153
"Eloisa",6073
"Eloise",46638
"Elouise",9201
"Eloy",7804
"Elroy",7230
"Elsa",26924
"Elsie",175408
"Elton",20732
"Elva",32016
"Elvera",5188
"Elvia",7332
"Elvin",19929
"Elvira",26496
"Elvis",16389
"Elwin",5039
"Elwood",20285
"Elyse",17103
"Elyssa",6513
"Emanuel",46854
"Ember",5638
"Emelia",7513
"Emely",16449
"Emerald",6559
"Emerson",32702
"Emery",28626
"Emil",31545
"Emile",8519
"Emilee",21170
"Emilia",23021
"Emiliano",16669
"Emilie",24166
"Emilio",34890
"Emily",810470
"Emma",595546
"Emmalee",7335
"Emmanuel",65746
"Emmet",5122
"Emmett",42947
"Emmie",5930
"Emmitt",8846
"Emmy",6523
"Emory",19258
"Enid",8894
"Enoch",9525
"Enrique",54950
"Enzo",6977
"Ephraim",5685
"Era",5516
"Eric",870230
"Erica",229859
"Erich",11487
"Erick",66659
"Ericka",22842
"Erik",149531
"Erika",123080
"Erin",318888
"Erma",54930
"Erna",9052
"Ernest",302004
"Ernestina",5248
"Ernestine",44138
"Ernesto",41395
"Ernie",17000
"Errol",8406
"Ervin",37927
"Erwin",20673
"Eryn",6605
"Esmeralda",42528
"Esperanza",18031
"Essence",8724
"Essie",40393
"Esteban",27837
"Estefania",5755
"Estela",7945
"Estella",38121
"Estelle",52335
"Ester",15697
"Estevan",8108
"Esther",250668
"Estrella",12556
"Ethan",372301
"Ethel",280116
"Etta",40340
"Eugene",380278
"Eugenia",29401
"Eula",47375
"Eunice",80237
"Eva",252465
"Evalyn",6980
"Evan",249753
"Evangelina",8568
"Evangeline",21743
"Eve",22537
"Evelin",6454
"Evelyn",534502
"Evelynn",5618
"Everett",93400
"Everette",10166
"Evette",5651
"Evie",10903
"Ezekiel",30075
"Ezequiel",11719
"Ezra",33118
"Fabian",36203
"Fabiola",8624
"Faith",124839
"Fallon",8477
"Fannie",85079
"Fanny",9385
"Farrah",9647
"Fatima",28483
"Fawn",5410
"Fay",35764
"Faye",67568
"Federico",8214
"Felecia",10266
"Felicia",90909
"Felicity",9824
"Felipe",28886
"Felisha",5871
"Felix",64588
"Felton",6507
"Ferdinand",8645
"Fern",36720
"Fernanda",13367
"Fernando",92194
"Fidel",10380
"Filomena",5218
"Finley",13718
"Finn",12123
"Finnegan",5124
"Fiona",21263
"Fletcher",12718
"Flor",6712
"Flora",67495
"Florence",335885
"Florine",11257
"Flossie",21829
"Floy",6934
"Floyd",154811
"Ford",5357
"Forest",15169
"Forrest",47653
"Foster",10827
"Fran",5318
"Frances",592216
"Francesca",26674
"Francesco",6869
"Francine",35628
"Francis",312147
"Francisca",12065
"Francisco",129424
"Franco",5785
"Frank",912028
"Frankie",72249
"Franklin",133975
"Franklyn",5842
"Fred",344563
"Freda",42386
"Freddie",82586
"Freddy",25268
"Frederic",13996
"Frederick",260232
"Fredric",8244
"Fredrick",63410
"Freeman",10622
"Freida",10571
"Frida",5248
"Frieda",25086
"Fritz",6113
"Gabriel",313721
"Gabriela",74906
"Gabriella",100362
"Gabrielle",129389
"Gael",15889
"Gage",52976
"Gail",210495
"Gale",32218
"Galen",16560
"Garfield",5538
"Garland",24485
"Garnet",8746
"Garnett",6601
"Garret",12897
"Garrett",126640
"Garrick",5185
"Garrison",6941
"Garry",47577
"Garth",9490
"Gary",901800
"Gavin",157451
"Gay",19366
"Gaye",5747
"Gayla",10844
"Gayle",66239
"Gaylord",6091
"Gemma",9967
"Gena",12761
"Genaro",7008
"Gene",132974
"Genesis",52702
"Geneva",87334
"Genevieve",105722
"Geoffrey",53914
"George",1464430
"Georgette",13107
"Georgia",147467
"Georgiana",8728
"Georgianna",8968
"Georgie",13356
"Georgina",14956
"Gerald",448685
"Geraldine",210735
"Gerard",57434
"Gerardo",49313
"Geri",8007
"Germaine",10158
"German",8814
"Gerri",5463
"Gerry",21000
"Gertie",8499
"Gertrude",177329
"Gia",11899
"Giana",6990
"Giancarlo",6679
"Gianna",54055
"Gianni",9729
"Gideon",10564
"Gilbert",128869
"Gilberto",27104
"Gilda",10003
"Gillian",15354
"Gina",152208
"Ginger",45671
"Ginny",7220
"Gino",11348
"Giovani",5615
"Giovanna",10509
"Giovanni",57819
"Giovanny",5601
"Giselle",38737
"Gisselle",8887
"Giuliana",7497
"Giuseppe",5058
"Gladys",267020
"Glen",126198
"Glenda",109243
"Glenn",249210
"Glenna",25537
"Gloria",411282
"Glynn",5345
"Golda",5858
"Goldie",36108
"Gonzalo",9559
"Gordon",152885
"Grace",469034
"Gracelyn",6582
"Gracie",67865
"Graciela",15136
"Grady",43990
"Graham",35292
"Grant",115667
"Granville",5462
"Grayson",48974
"Greg",77597
"Gregg",36521
"Greggory",5050
"Gregorio",10167
"Gregory",706823
"Greta",23410
"Gretchen",52896
"Greyson",17748
"Griffin",33799
"Griselda",8687
"Grover",26933
"Guadalupe",88069
"Guillermo",28756
"Gunnar",11629
"Gunner",11765
"Gus",18151
"Gussie",14181
"Gustave",5313
"Gustavo",35369
"Guy",89615
"Gwen",29101
"Gwendolyn",115665
"Hadley",19919
"Hailee",13771
"Hailey",145227
"Hailie",5302
"Hal",16505
"Haleigh",13202
"Haley",152894
"Halie",7267
"Halle",12595
"Hallie",29591
"Hamilton",5756
"Hamza",5445
"Hana",8927
"Hank",9587
"Hanna",35745
"Hannah",409938
"Hans",14217
"Hardy",5323
"Harlan",22700
"Harland",5291
"Harley",56231
"Harmon",6401
"Harmony",19362
"Harold",551319
"Harper",43343
"Harriet",87988
"Harriett",21505
"Harriette",8669
"Harris",14474
"Harrison",63508
"Harry",421815
"Harvey",118556
"Hassan",8521
"Hattie",97702
"Haven",13256
"Hayden",109618
"Hayes",5880
"Haylee",26218
"Hayley",47134
"Haylie",9220
"Hayward",5014
"Haywood",6433
"Hazel",244069
"Heath",27020
"Heather",525199
"Heaven",22220
"Hector",98618
"Heidi",140053
"Helen",1019006
"Helena",33074
"Helene",32942
"Hellen",7306
"Henrietta",50592
"Henry",652388
"Herbert",228615
"Heriberto",9528
"Herman",136030
"Herschel",10355
"Hershel",9868
"Hester",14746
"Hettie",7277
"Hezekiah",5877
"Hilary",26013
"Hilda",80658
"Hillary",29424
"Hilton",6715
"Hiram",13323
"Hobert",5722
"Holden",17367
"Holland",5480
"Holli",8579
"Hollie",19113
"Hollis",17743
"Holly",199496
"Homer",60948
"Hope",83993
"Horace",54119
"Hortense",6312
"Houston",14510
"Howard",345916
"Hoyt",7654
"Hubert",57394
"Hudson",36933
"Huey",6751
"Hugh",80807
"Hugo",29285
"Hulda",5406
"Humberto",15751
"Hunter",216896
"Hyman",5857
"Ian",207452
"Ibrahim",9208
"Ida",186360
"Idella",6457
"Iesha",7419
"Ignacio",17316
"Ike",6680
"Iker",6714
"Ila",21634
"Ilene",17608
"Iliana",9834
"Ima",6784
"Imani",22279
"Imelda",7099
"Imogene",27318
"Ina",33562
"India",21318
"Ines",5705
"Inez",68129
"Infant",7836
"Ingrid",24924
"Iola",9561
"Iona",11561
"Ione",9818
"Ira",58023
"Irene",351594
"Iris",75054
"Irma",73314
"Irvin",38922
"Irving",43239
"Irwin",15785
"Isaac",246315
"Isabel",112530
"Isabela",8438
"Isabell",13903
"Isabella",275236
"Isabelle",80906
"Isadore",5724
"Isai",5309
"Isaiah",185656
"Isaias",11854
"Ishmael",5320
"Isiah",23016
"Isidro",7355
"Isis",10727
"Isla",10919
"Ismael",32917
"Israel",55680
"Issac",20113
"Itzel",14128
"Iva",37720
"Ivan",121673
"Ivana",5713
"Ivette",10310
"Ivonne",5781
"Ivory",16591
"Ivy",42260
"Izabella",20566
"Izaiah",9209
"Jabari",7258
"Jacalyn",5159
"Jace",47898
"Jacey",7244
"Jack",662254
"Jackeline",5888
"Jackie",168485
"Jacklyn",16095
"Jackson",195384
"Jacky",7478
"Jaclyn",48475
"Jacob",877522
"Jacoby",8592
"Jacque",7196
"Jacquelin",9481
"Jacqueline",418727
"Jacquelyn",83898
"Jacques",9214
"Jacquline",8015
"Jada",61496
"Jade",78017
"Jaden",80261
"Jadon",9097
"Jadyn",14378
"Jaeden",5317
"Jaelyn",12126
"Jaelynn",6347
"Jaida",7917
"Jaiden",31438
"Jaidyn",7693
"Jaime",115177
"Jaimie",10301
"Jair",5019
"Jairo",8847
"Jakayla",5643
"Jake",116849
"Jakob",28564
"Jalen",36233
"Jalisa",5821
"Jaliyah",6990
"Jalyn",6161
"Jamaal",8067
"Jamal",30654
"Jamar",14557
"Jamari",10299
"Jamarion",5990
"Jamel",10713
"James",5129096
"Jameson",21591
"Jamey",9477
"Jami",22238
"Jamie",350262
"Jamil",6873
"Jamila",6915
"Jamison",16190
"Jammie",6467
"Jan",76089
"Jana",43623
"Janae",15935
"Janay",5554
"Jane",368121
"Janeen",6513
"Janel",11799
"Janell",15396
"Janelle",51455
"Janessa",12151
"Janet",556932
"Janette",31781
"Janice",406224
"Janie",74307
"Janine",33172
"Janis",48822
"Janiya",9321
"Janiyah",9039
"Janna",15202
"Jannette",5182
"Jannie",14783
"Jaquan",9702
"Jaqueline",14555
"Jared",197429
"Jarod",11583
"Jaron",10443
"Jarred",12990
"Jarrett",21823
"Jarrod",24941
"Jarvis",16713
"Jase",14391
"Jasmin",43375
"Jasmine",237642
"Jasmyn",5545
"Jason",1019582
"Jasper",34840
"Jaunita",6892
"Javier",91764
"Javon",16259
"Jax",8965
"Jaxon",47245
"Jaxson",26158
"Jay",188756
"Jayce",18367
"Jaycee",8610
"Jayda",16586
"Jayde",5895
"Jayden",189220
"Jaydon",7984
"Jayla",34361
"Jaylah",6427
"Jaylee",5554
"Jayleen",7519
"Jaylen",33499
"Jaylene",7245
"Jaylin",15718
"Jaylon",8992
"Jaylyn",6187
"Jaylynn",7604
"Jayme",17318
"Jayne",28351
"Jayson",29796
"Jazlyn",10796
"Jazlynn",5122
"Jazmin",38986
"Jazmine",33871
"Jazmyn",8123
"Jean",480901
"Jeana",7541
"Jeanetta",5129
"Jeanette",163145
"Jeanie",16986
"Jeanine",23645
"Jeanna",8672
"Jeanne",163181
"Jeannette",69008
"Jeannie",35909
"Jeannine",23995
"Jed",8100
"Jedidiah",5779
"Jeff",119948
"Jefferson",20518
"Jeffery",229346
"Jeffrey",973729
"Jeffry",15147
"Jena",12885
"Jenelle",6658
"Jenifer",25357
"Jenna",141692
"Jenni",5314
"Jennie",126902
"Jennifer",1467573
"Jenny",90551
"Jensen",7733
"Jerald",25937
"Jere",5420
"Jeremiah",171699
"Jeremy",429967
"Jeri",22884
"Jerilyn",5170
"Jermaine",40744
"Jerod",5926
"Jerold",7390
"Jerome",159910
"Jerrell",6938
"Jerri",15674
"Jerrie",5596
"Jerrod",9133
"Jerrold",8425
"Jerry",627684
"Jess",25218
"Jesse",421406
"Jessenia",5046
"Jessi",7176
"Jessica",1044144
"Jessie",274931
"Jessika",5835
"Jessy",6119
"Jesus",219292
"Jett",10427
"Jewel",43896
"Jewell",33779
"Jill",208303
"Jillian",79468
"Jim",153520
"Jimena",9754
"Jimmie",134591
"Jimmy",286717
"Jo",180464
"Joan",485181
"Joana",7126
"Joanie",5138
"Joann",156670
"Joanna",99402
"Joanne",211473
"Joaquin",24544
"Jocelyn",98072
"Jocelynn",5161
"Jodi",80120
"Jodie",30596
"Jody",86687
"Joe",460785
"Joel",260060
"Joelle",12631
"Joellen",5330
"Joesph",15451
"Joey",56557
"Johan",9074
"Johana",5802
"Johanna",49309
"John",5106590
"Johnathan",89867
"Johnathon",24417
"Johnie",25970
"Johnna",9762
"Johnnie",149953
"Johnny",312033
"Johnson",6447
"Joi",5303
"Joleen",6336
"Jolene",29761
"Jolie",10060
"Jon",166132
"Jonah",55101
"Jonas",21519
"Jonathan",816025
"Jonathon",64038
"Joni",28475
"Jonna",5439
"Jonnie",8869
"Jordan",479434
"Jorden",8363
"Jordin",6024
"Jordon",14939
"Jordyn",49526
"Jorge",125142
"Jose",549587
"Josef",8353
"Josefina",13015
"Joselyn",15416
"Joseph",2580687
"Josephine",297064
"Josette",5844
"Josh",16133
"Joshua",1179654
"Josiah",80030
"Josie",53165
"Joslyn",9179
"Josue",43759
"Journey",9517
"Jovan",9765
"Jovani",5511
"Joy",134210
"Joyce",508976
"Joycelyn",6359
"Juan",337628
"Juana",17187
"Juanita",207819
"Judah",13958
"Jude",28631
"Judi",10233
"Judie",5455
"Judith",452444
"Judson",11106
"Judy",382568
"Jules",9327
"Juli",6252
"Julia",447836
"Julian",181363
"Juliana",50326
"Juliann",7283
"Julianna",38922
"Julianne",28698
"Julie",507398
"Julien",9205
"Juliet",24719
"Juliette",21620
"Julio",58248
"Julissa",21888
"Julius",74509
"June",191604
"Junior",39675
"Junius",5297
"Justice",29201
"Justin",766318
"Justina",11684
"Justine",39857
"Justus",7856
"Kacey",11824
"Kaci",8699
"Kacie",11620
"Kacy",5696
"Kade",13761
"Kaden",53612
"Kadence",9370
"Kaela",6076
"Kaelyn",12815
"Kai",32139
"Kaia",7616
"Kaiden",26857
"Kaila",13195
"Kailee",10758
"Kailey",23509
"Kailyn",11734
"Kaitlin",56753
"Kaitlyn",158833
"Kaitlynn",15253
"Kaiya",5412
"Kala",7563
"Kale",7072
"Kaleb",68059
"Kaleigh",14799
"Kalen",5250
"Kaley",12471
"Kali",20533
"Kaliyah",6550
"Kallie",9026
"Kalvin",5210
"Kalyn",7419
"Kamari",8151
"Kamden",6300
"Kameron",31123
"Kami",8362
"Kamila",7267
"Kamron",5977
"Kamryn",20110
"Kandace",6142
"Kandi",5517
"Kandice",6673
"Kandy",5273
"Kane",9921
"Kara",97093
"Kareem",14126
"Karen",986566
"Kari",58955
"Karie",5291
"Karin",28442
"Karina",56322
"Karis",5232
"Karissa",18909
"Karl",100306
"Karla",86841
"Karlee",10914
"Karley",6743
"Karli",9801
"Karlie",9221
"Karly",9700
"Karma",5645
"Karmen",5614
"Karol",10462
"Karolyn",5725
"Karon",8920
"Karrie",9778
"Karson",10695
"Karter",8768
"Karyn",14042
"Kasandra",9182
"Kasey",42752
"Kason",6917
"Kassandra",30803
"Kassidy",16678
"Kassie",6441
"Katarina",7823
"Kate",75856
"Katelin",8808
"Katelyn",127970
"Katelynn",28868
"Katerina",6059
"Katharine",40683
"Katherine",627197
"Katheryn",14621
"Kathi",10110
"Kathie",15050
"Kathleen",712282
"Kathrine",15558
"Kathryn",449667
"Kathryne",5863
"Kathy",333866
"Katia",5172
"Katie",233801
"Katina",11244
"Katlin",5457
"Katlyn",18193
"Katrina",100086
"Kattie",5543
"Katy",19865
"Kay",101927
"Kaya",7915
"Kaycee",6938
"Kayden",40325
"Kaydence",12639
"Kaye",13570
"Kayla",329680
"Kaylah",5777
"Kaylee",112844
"Kayleen",6563
"Kayleigh",27153
"Kaylen",6826
"Kayley",7695
"Kayli",6400
"Kaylie",18657
"Kaylin",17092
"Kaylyn",10917
"Kaylynn",9791
"Keagan",8094
"Keaton",18547
"Keegan",32858
"Keeley",5672
"Keely",11853
"Keenan",16199
"Keila",6036
"Keira",25313
"Keisha",21789
"Keith",434753
"Kelby",5110
"Kellan",6880
"Kellen",14551
"Kelley",51978
"Kelli",74866
"Kellie",50783
"Kelly",550441
"Kelsea",5388
"Kelsey",148799
"Kelsi",9396
"Kelsie",18376
"Kelton",5775
"Kelvin",48776
"Ken",32420
"Kendal",12467
"Kendall",85753
"Kendell",6140
"Kendra",92392
"Kendrick",25972
"Kenia",6863
"Kenley",5647
"Kenna",9196
"Kennedi",8822
"Kennedy",60205
"Kenneth",1272151
"Kennith",10447
"Kenny",50293
"Kent",68076
"Kenton",9997
"Kenya",25258
"Kenyatta",7302
"Kenyon",7579
"Kenzie",13604
"Keon",7659
"Keri",32151
"Kermit",16435
"Kerri",37164
"Kerrie",8670
"Kerry",97869
"Kesha",5198
"Keshawn",5675
"Keshia",5387
"Keven",8561
"Kevin",1158447
"Keyla",6155
"Keyon",5097
"Khadijah",6085
"Khalid",5494
"Khalil",15032
"Khloe",29022
"Kia",7621
"Kian",6052
"Kiana",23031
"Kianna",7411
"Kiara",45436
"Kiera",18546
"Kieran",12201
"Kierra",14921
"Kiersten",14004
"Kiley",18847
"Killian",5157
"Kim",214158
"Kimber",6953
"Kimberlee",17318
"Kimberley",37971
"Kimberly",832360
"Kimora",6953
"King",15723
"Kingston",14666
"Kinley",11476
"Kinsey",6839
"Kinsley",12285
"Kip",7680
"Kira",31921
"Kirby",17456
"Kirk",67518
"Kirsten",52505
"Kirstin",8726
"Kisha",6619
"Kitty",11591
"Knox",5808
"Kobe",14556
"Koby",5130
"Kody",21783
"Kolby",10676
"Kole",7000
"Kolton",10196
"Korbin",5819
"Korey",11891
"Kori",11868
"Kortney",5656
"Kory",14974
"Kourtney",13634
"Kraig",5915
"Kris",27229
"Krista",73117
"Kristal",11834
"Kristan",6112
"Kristen",218877
"Kristi",76430
"Kristian",24302
"Kristie",38266
"Kristin",180341
"Kristina",134790
"Kristine",83861
"Kristofer",9354
"Kristopher",60415
"Kristy",70288
"Kristyn",8656
"Krysta",6476
"Krystal",73729
"Krystle",12970
"Kurt",85105
"Kurtis",17526
"Kyla",36257
"Kylan",5981
"Kyle",479950
"Kylee",43620
"Kyleigh",15859
"Kyler",27071
"Kylie",97330
"Kyra",33068
"Lacey",50289
"Laci",8869
"Lacie",9891
"Lacy",25688
"Ladonna",21175
"Laila",28597
"Lainey",6572
"Lakeisha",12822
"Laken",5327
"Lakesha",8174
"Lakisha",12313
"Lamar",32894
"Lamont",23271
"Lana",48403
"Lance",102285
"Landen",21051
"Landon",131092
"Landry",6154
"Landyn",7937
"Lane",36703
"Laney",9688
"Lani",6554
"Lanny",9607
"Laquita",6398
"Lara",25898
"Larissa",21786
"Larry",807412
"Lars",6120
"Larue",5400
"Lashawn",10292
"Lashonda",9217
"Latanya",9863
"Latasha",30276
"Latisha",18364
"Latonia",5120
"Latonya",21787
"Latosha",6441
"Latoya",45597
"Latrice",9085
"Latricia",5611
"Laura",794233
"Laureen",7050
"Laurel",44302
"Lauren",465209
"Laurence",39433
"Lauretta",9597
"Lauri",11215
"Laurie",167855
"Lauryn",17940
"Lavern",16758
"Laverne",56035
"Lavina",6369
"Lavon",10781
"Lavonne",16628
"Lawanda",12093
"Lawrence",457099
"Lawson",9987
"Layla",61980
"Layne",13691
"Layton",7856
"Lazaro",5983
"Lea",30398
"Leah",205531
"Leander",5938
"Leandra",6579
"Leandro",5916
"Leann",23798
"Leanna",22405
"Leanne",28619
"Leatha",6023
"Leatrice",5862
"Lee",291691
"Leeann",13822
"Leia",6799
"Leif",7422
"Leigh",44784
"Leigha",5627
"Leighton",10299
"Leila",40835
"Leilani",24200
"Lela",41792
"Leland",50726
"Lelia",15304
"Lemuel",9204
"Lena",134010
"Lenard",9892
"Lennie",7339
"Lennon",5250
"Lenny",7338
"Lenora",34105
"Lenore",22203
"Leo",184128
"Leola",27938
"Leon",162442
"Leona",107124
"Leonard",291083
"Leonardo",50821
"Leone",6323
"Leonel",16620
"Leonor",5567
"Leonora",6712
"Leopoldo",5569
"Leora",10845
"Leota",10396
"Leroy",199310
"Lesa",11412
"Lesley",38503
"Lesli",5627
"Leslie",376587
"Lesly",13775
"Lessie",15009
"Lester",130842
"Leta",11798
"Letha",19131
"Leticia",41751
"Letitia",11380
"Lettie",9164
"Levi",115376
"Lewis",149995
"Lexi",19218
"Lexie",13951
"Lexus",6498
"Leyla",5533
"Lia",15116
"Liam",137414
"Liana",13091
"Libby",15402
"Liberty",10642
"Lida",5794
"Lidia",9844
"Lila",60481
"Lilah",10232
"Lilia",11469
"Lilian",14691
"Liliana",44857
"Lilianna",5041
"Lillian",421392
"Lilliana",12366
"Lillie",154998
"Lilly",49252
"Lily",123314
"Lilyana",5915
"Lina",14734
"Lincoln",35529
"Linda",1454599
"Lindsay",133666
"Lindsey",162301
"Lindy",9803
"Linnea",8345
"Linnie",8596
"Linsey",5244
"Linwood",12677
"Lionel",28829
"Lisa",966712
"Lisbeth",5485
"Lisette",9207
"Lissette",7296
"Litzy",5727
"Livia",6243
"Liz",8791
"Liza",16294
"Lizabeth",5452
"Lizbeth",23315
"Lizeth",7819
"Lizette",11627
"Lizzie",38664
"Lloyd",160800
"Logan",303797
"Lois",334217
"Lola",83122
"Lolita",8517
"Lon",9808
"Lona",10753
"London",34708
"Londyn",11236
"Lonnie",100204
"Lonny",6362
"Lora",51882
"Loraine",17403
"Lorelei",10694
"Loren",57668
"Lorena",43149
"Lorene",39253
"Lorenza",6657
"Lorenzo",58355
"Loretta",174643
"Lori",341246
"Lorie",21943
"Lorin",7223
"Lorine",8741
"Lorna",28091
"Lorraine",209035
"Lorri",8022
"Lorrie",17347
"Lottie",45973
"Lou",37042
"Louann",5124
"Louella",12915
"Louie",29467
"Louis",393972
"Louisa",17806
"Louise",333948
"Lourdes",13994
"Lovie",6339
"Lowell",41243
"Loyd",22455
"Luann",15400
"Luanne",8558
"Luca",17584
"Lucas",201968
"Lucero",6458
"Lucia",37147
"Lucian",9025
"Luciana",7110
"Luciano",9438
"Lucie",5965
"Lucien",7825
"Lucile",34631
"Lucille",220572
"Lucinda",36930
"Lucio",5114
"Lucius",8482
"Lucretia",10402
"Lucy",185064
"Lue",7166
"Luella",29592
"Luis",260819
"Luisa",11506
"Lukas",26863
"Luke",232494
"Lula",84353
"Lulu",12063
"Luna",14925
"Lupe",24540
"Lupita",5075
"Lura",9456
"Luther",66143
"Luz",25588
"Lydia",153589
"Lyla",21534
"Lyle",57831
"Lyman",8458
"Lyn",8736
"Lynda",77774
"Lyndon",8668
"Lyndsay",6656
"Lyndsey",14104
"Lynette",42645
"Lynn",233758
"Lynne",62299
"Lynnette",15014
"Lyric",14380
"Mabel",132785
"Mable",52940
"Mac",8136
"Macey",9788
"Maci",13329
"Macie",16423
"Mack",37194
"Mackenzie",121482
"Macy",27638
"Madalyn",19228
"Madalynn",6421
"Maddison",15775
"Maddox",21954
"Madeleine",36645
"Madeline",175171
"Madelyn",74957
"Madelynn",11718
"Madge",13425
"Madilyn",13425
"Madilynn",5704
"Madison",353947
"Madisyn",13103
"Madonna",9485
"Madyson",11540
"Mae",109276
"Maegan",9065
"Maeve",9039
"Magdalena",16679
"Magdalene",8623
"Maggie",110740
"Magnolia",7320
"Mahlon",5071
"Mai",5139
"Maia",11068
"Maira",5668
"Major",12990
"Makayla",95249
"Makena",5042
"Makenna",24632
"Makenzie",35614
"Malachi",38388
"Malaysia",5367
"Malcolm",59031
"Malcom",5094
"Maleah",6076
"Malia",18809
"Malik",40725
"Malinda",20598
"Malissa",8782
"Maliyah",8162
"Mallory",52895
"Mamie",77946
"Mandi",9931
"Mandy",42013
"Manuel",180393
"Manuela",10209
"Mara",18876
"Maranda",11298
"Marc",138455
"Marcel",17308
"Marcela",7549
"Marcelino",6417
"Marcell",5291
"Marcella",63291
"Marcelle",5743
"Marcellus",6937
"Marcelo",7690
"Marci",13768
"Marcia",133161
"Marcie",15292
"Marco",66891
"Marcos",46426
"Marcus",223605
"Marcy",21662
"Maren",7181
"Margaret",1243750
"Margarette",6057
"Margarita",39159
"Margery",15739
"Margie",106188
"Margo",23011
"Margot",10438
"Margret",9925
"Marguerite",93258
"Mari",15218
"Maria",538815
"Mariah",101591
"Mariam",12533
"Marian",141034
"Mariana",32820
"Mariann",7045
"Marianna",14773
"Marianne",64529
"Mariano",8154
"Maribel",23599
"Maribeth",5940
"Maricela",12503
"Marie",536748
"Mariel",6068
"Mariela",10019
"Marietta",14683
"Marilee",7286
"Marilyn",369380
"Marilynn",12698
"Marin",5483
"Marina",34659
"Mario",141494
"Marion",259549
"Marisa",48078
"Marisela",9910
"Marisol",31817
"Marissa",117916
"Maritza",21937
"Marjorie",271893
"Marjory",8077
"Mark",1348242
"Markus",12839
"Marla",37984
"Marlee",10445
"Marlen",5831
"Marlena",10595
"Marlene",129012
"Marley",21841
"Marlin",21803
"Marlo",8996
"Marlon",28610
"Marlyn",8815
"Marlys",8925
"Marnie",5596
"Marques",7676
"Marquis",23123
"Marquise",9914
"Marquita",11032
"Marsha",104242
"Marshal",5092
"Marshall",88487
"Marta",16784
"Martha",549157
"Martin",303714
"Martina",16792
"Marty",35654
"Marva",10355
"Marvel",6032
"Marvin",250552
"Mary",4130441
"Maryam",6633
"Maryann",61822
"Maryanne",13425
"Marybeth",10064
"Maryellen",12886
"Maryjane",12152
"Maryjo",6981
"Marylou",12847
"Mason",227887
"Mateo",27733
"Mathew",73487
"Mathias",7026
"Mathilda",7120
"Matias",6545
"Matilda",29722
"Matt",23404
"Matteo",8369
"Matthew",1558671
"Matthias",6122
"Mattie",131001
"Maud",13162
"Maude",45594
"Maudie",11746
"Maura",18536
"Maureen",144194
"Maurice",135468
"Mauricio",19312
"Maurine",8939
"Mauro",5398
"Maverick",10536
"Mavis",18843
"Max",138666
"Maxie",8521
"Maximilian",12451
"Maximiliano",10177
"Maximillian",5095
"Maximo",5204
"Maximus",17666
"Maxine",111404
"Maxwell",80087
"May",48527
"Maya",79459
"Maybelle",5919
"Mayme",10872
"Maynard",14785
"Mayra",31984
"Mazie",7689
"Mckayla",11734
"Mckenna",32453
"Mckenzie",53316
"Mckinley",15783
"Meagan",41300
"Meaghan",13962
"Meg",5216
"Megan",435368
"Meghan",94055
"Mekhi",8914
"Melanie",234149
"Melany",11275
"Melba",34873
"Melina",14745
"Melinda",134921
"Melisa",18455
"Melissa",751940
"Mellissa",5610
"Melodie",9486
"Melody",87969
"Melonie",5237
"Melva",14173
"Melvin",243449
"Melvina",6624
"Mercedes",44327
"Mercy",6785
"Meredith",75724
"Merle",45082
"Merlin",15195
"Merrill",14878
"Merritt",6610
"Merry",10176
"Mervin",11718
"Meryl",5340
"Messiah",6817
"Meta",6166
"Mia",173788
"Miah",6350
"Micaela",12478
"Micah",89476
"Michael",4330805
"Michaela",47997
"Michal",7183
"Micheal",154470
"Michel",13684
"Michele",225522
"Michell",7484
"Michelle",807746
"Mickey",32959
"Miguel",168133
"Mika",5826
"Mikaela",16511
"Mikayla",50052
"Mike",204410
"Mikel",11191
"Mila",17734
"Milagros",8882
"Milan",13178
"Mildred",451926
"Miles",67069
"Miley",10623
"Milford",8201
"Millard",16711
"Miller",6967
"Millicent",10554
"Millie",27115
"Milo",17047
"Milton",116925
"Mimi",6725
"Mina",14744
"Mindy",41702
"Minerva",14972
"Minnie",159352
"Mira",7524
"Miracle",13065
"Miranda",107269
"Mireya",7810
"Miriam",104901
"Misael",7151
"Missy",5615
"Misti",8320
"Misty",84487
"Mitch",5437
"Mitchel",13105
"Mitchell",161314
"Mittie",6297
"Mitzi",13008
"Miya",5761
"Mohamed",12835
"Mohammad",11909
"Mohammed",11250
"Moira",6670
"Moises",24825
"Mollie",45720
"Molly",157559
"Mona",44705
"Monica",247274
"Monika",9437
"Monique",78494
"Monroe",17071
"Monserrat",5763
"Montana",10054
"Monte",22665
"Monty",14915
"Morgan",246320
"Moriah",11027
"Morris",70397
"Morton",12306
"Mose",7715
"Moses",36627
"Moshe",11443
"Mozelle",5333
"Muhammad",9783
"Muriel",55348
"Murphy",6920
"Murray",21688
"Mya",47434
"Myah",7300
"Myla",8234
"Myles",34596
"Myra",58098
"Myrna",31595
"Myron",44686
"Myrtis",6125
"Myrtle",136933
"Nadia",38562
"Nadine",51757
"Nakia",10523
"Nan",10266
"Nanci",6468
"Nancy",1003902
"Nanette",16827
"Nannette",6275
"Nannie",25580
"Naomi",145586
"Napoleon",7636
"Nash",7410
"Nasir",9393
"Natalee",8546
"Natalia",55031
"Natalie",329770
"Nataly",12236
"Natalya",5553
"Natasha",94417
"Nathalie",17432
"Nathaly",5581
"Nathan",520141
"Nathanael",18007
"Nathanial",10170
"Nathaniel",253742
"Nathen",5714
"Nayeli",15615
"Neal",54046
"Ned",17175
"Nedra",7098
"Nehemiah",13249
"Neil",101253
"Nelda",20089
"Nell",26605
"Nelle",5498
"Nellie",149321
"Nelly",6357
"Nelson",76010
"Nestor",9305
"Nettie",49333
"Neva",20440
"Nevaeh",65093
"Nevin",5893
"Newton",7894
"Nia",19091
"Nichelle",5412
"Nicholas",881014
"Nichole",63160
"Nick",49026
"Nicki",6319
"Nickolas",37187
"Nicky",9197
"Nico",9020
"Nicola",7563
"Nicolas",79588
"Nicole",581900
"Nicolette",15750
"Nicolle",5547
"Nigel",11197
"Niki",7073
"Nikita",12380
"Nikki",40167
"Niko",5982
"Nikolas",19052
"Nikole",6679
"Nila",5837
"Nina",122956
"Nita",14151
"Noah",319298
"Noble",8389
"Noe",19823
"Noel",56935
"Noelia",6128
"Noelle",29129
"Noemi",18636
"Nola",21606
"Nolan",77525
"Nona",16453
"Noor",5226
"Nora",128476
"Norah",14556
"Norbert",20275
"Noreen",19812
"Norine",5226
"Norma",278376
"Norman",252867
"Normand",5828
"Norris",16743
"Nova",9627
"Novella",5693
"Nyla",14485
"Nylah",5458
"Oakley",5638
"Ocie",6765
"Octavia",14979
"Octavio",9897
"Odell",18714
"Odessa",17421
"Odis",8259
"Ofelia",8116
"Ola",30110
"Olen",7244
"Oleta",5457
"Olga",61451
"Olin",8870
"Olive",50962
"Oliver",115502
"Olivia",377034
"Ollie",56482
"Oma",9760
"Omar",90401
"Omari",7399
"Omer",8082
"Ona",7694
"Opal",68994
"Ophelia",15992
"Ora",44427
"Oralia",5651
"Oren",7985
"Orin",5384
"Orion",12161
"Orlando",45852
"Orpha",5945
"Orrin",5295
"Orval",7925
"Orville",35063
"Oscar",193271
"Osvaldo",12926
"Oswaldo",5359
"Otha",7782
"Otis",57865
"Otto",30342
"Owen",149039
"Pablo",41793
"Page",5326
"Paige",133312
"Paisley",18207
"Palmer",8189
"Paloma",7525
"Pam",33150
"Pamala",7356
"Pamela",595047
"Pansy",10945
"Paola",21522
"Paris",32858
"Parker",96308
"Pasquale",9923
"Pat",66853
"Patience",10130
"Patrica",9153
"Patrice",34703
"Patricia",1575529
"Patrick",668002
"Patsy",126958
"Patti",44717
"Pattie",9508
"Patty",62657
"Paul",1386884
"Paula",277892
"Paulette",45852
"Paulina",16398
"Pauline",226489
"Paxton",13183
"Payton",67958
"Pearl",158506
"Pearlie",18807
"Pearline",6256
"Pedro",85918
"Peggie",7353
"Peggy",293311
"Penelope",40122
"Pennie",5707
"Penny",96744
"Percy",31795
"Perla",17935
"Perry",77062
"Pete",43105
"Peter",571171
"Petra",12874
"Peyton",102604
"Phil",19976
"Philip",337851
"Phillip",306419
"Philomena",8964
"Phoebe",29343
"Phoenix",16507
"Phyllis",323161
"Pierce",13992
"Pierre",17197
"Pilar",5718
"Piper",30657
"Polly",29010
"Porter",13729
"Portia",10401
"Precious",18526
"Presley",19229
"Preston",104987
"Prince",13690
"Princess",12546
"Priscilla",117153
"Priya",5115
"Prudence",5306
"Queen",14028
"Quentin",38471
"Quincy",26060
"Quinn",46282
"Quinten",6822
"Quintin",13881
"Quinton",27448
"Rachael",81683
"Racheal",10414
"Rachel",559201
"Rachelle",33339
"Rae",22234
"Raegan",13872
"Raelyn",6256
"Raelynn",8010
"Rafael",74129
"Raheem",6764
"Raina",8988
"Raleigh",9960
"Ralph",413645
"Ramiro",23798
"Ramon",74170
"Ramona",67472
"Ramsey",6458
"Randal",29042
"Randall",197826
"Randell",9997
"Randi",30123
"Randolph",49214
"Randy",330920
"Raphael",17827
"Raquel",47765
"Rashad",14593
"Rashawn",6523
"Raul",82568
"Raven",39494
"Ray",206420
"Rayford",5491
"Raymon",7646
"Raymond",771354
"Raymundo",8789
"Rayna",9001
"Rayne",5240
"Reagan",46098
"Reanna",5396
"Reba",35266
"Rebeca",12240
"Rebecca",744166
"Rebekah",71546
"Reece",19240
"Reed",27743
"Reese",40609
"Regan",18105
"Reggie",11890
"Regina",176167
"Reginald",109836
"Regis",5422
"Reid",28446
"Reilly",8574
"Reina",9133
"Remington",10489
"Remy",6944
"Rena",38387
"Renae",13675
"Renata",7931
"Rene",70014
"Renee",184783
"Renita",7382
"Reta",8612
"Retha",10592
"Reuben",29156
"Reva",15332
"Rex",56396
"Rey",6495
"Reyes",6115
"Reyna",13270
"Reynaldo",19168
"Rhea",15524
"Rhett",13053
"Rhianna",5546
"Rhiannon",13530
"Rhoda",25479
"Rhonda",208460
"Rhys",6805
"Rian",6494
"Ricardo",135718
"Richard",2564867
"Richelle",8279
"Richie",6785
"Rick",81386
"Rickey",61669
"Ricki",6400
"Rickie",17903
"Ricky",220995
"Rico",8655
"Rigoberto",10497
"Rihanna",5012
"Rikki",7144
"Riley",169099
"Rita",283172
"River",14428
"Rivka",5990
"Rob",8692
"Robbie",42891
"Robbin",10339
"Robby",10523
"Robert",4816785
"Roberta",171669
"Roberto",105974
"Robin",332662
"Robyn",62194
"Rocco",24817
"Rochelle",46963
"Rocio",12954
"Rocky",25706
"Rod",8720
"Roderick",46064
"Rodger",21338
"Rodney",245449
"Rodolfo",32109
"Rodrick",8528
"Rodrigo",21390
"Rogelio",23500
"Roger",439559
"Rogers",7000
"Rohan",8573
"Roland",95944
"Rolando",22577
"Rolland",9627
"Rollin",5575
"Roma",7949
"Roman",52721
"Romeo",15947
"Romona",5149
"Ron",36007
"Rona",5260
"Ronald",1079633
"Ronan",7099
"Ronda",34646
"Roni",5170
"Ronnie",187741
"Ronny",14518
"Roosevelt",37478
"Rory",28367
"Rosa",173390
"Rosalee",9798
"Rosalia",7077
"Rosalie",67466
"Rosalind",25334
"Rosalinda",14551
"Rosalyn",20102
"Rosanna",13851
"Rosanne",14655
"Rosario",15526
"Roscoe",21373
"Rose",477271
"Roseann",15729
"Roseanna",5582
"Roseanne",7139
"Rosella",15288
"Roselyn",10589
"Rosemarie",50129
"Rosemary",154219
"Rosendo",5122
"Rosetta",27706
"Rosie",78775
"Rosina",5281
"Rosita",6367
"Roslyn",16738
"Ross",80622
"Rowan",21003
"Rowena",10172
"Roxana",10903
"Roxane",5112
"Roxann",8809
"Roxanna",12664
"Roxanne",57513
"Roxie",18115
"Roy",405337
"Royal",12989
"Royce",27461
"Ruben",109408
"Rubi",6923
"Rubin",6865
"Ruby",340143
"Rubye",6937
"Rudolph",53260
"Rudy",47992
"Rufus",35887
"Rupert",5354
"Russ",5971
"Russel",16347
"Russell",352201
"Rusty",17942
"Ruth",822845
"Ruthann",6800
"Ruthie",20295
"Ryan",921081
"Ryann",8640
"Ryder",31089
"Ryker",13411
"Rylan",26126
"Ryland",8172
"Rylee",44194
"Ryleigh",17838
"Ryley",5939
"Rylie",15367
"Sabina",7139
"Sabrina",133823
"Sade",9210
"Sadie",109287
"Sage",22811
"Saige",6544
"Salina",6844
"Sallie",49827
"Sally",203643
"Salma",6852
"Salvador",45523
"Salvatore",54662
"Sam",123666
"Samantha",557127
"Samara",12424
"Samir",6789
"Samira",5551
"Sammie",28049
"Sammy",43639
"Samson",7313
"Samual",5318
"Samuel",720632
"Sandi",10075
"Sandra",875152
"Sandy",78599
"Sanford",14890
"Saniya",5623
"Saniyah",5027
"Santana",8512
"Santiago",45833
"Santino",6456
"Santos",18733
"Sara",418257
"Sarah",1063944
"Sarahi",5376
"Sarai",15088
"Sariah",6288
"Sarina",8280
"Sasha",34136
"Saul",37350
"Saundra",17844
"Savanah",9313
"Savanna",28056
"Savannah",148878
"Sawyer",32307
"Scarlet",9588
"Scarlett",36437
"Schuyler",5153
"Scot",13674
"Scott",771804
"Scottie",12010
"Scotty",18637
"Seamus",5904
"Sean",414370
"Sebastian",114470
"Selah",5729
"Selena",46017
"Selene",5906
"Selina",17109
"Selma",26355
"Semaj",6885
"Serena",38566
"Serenity",42367
"Sergio",72463
"Serina",5393
"Seth",157359
"Seymour",13060
"Shae",6378
"Shaina",11235
"Shakira",7998
"Shamar",5602
"Shameka",6191
"Shamika",5053
"Shana",29440
"Shanda",7997
"Shane",187942
"Shania",14689
"Shanice",9406
"Shanika",5596
"Shaniqua",5117
"Shaniya",5944
"Shanna",28235
"Shannan",5477
"Shannon",345939
"Shanon",6540
"Shanta",5253
"Shante",6011
"Shantel",10149
"Shantell",5048
"Shaquille",5670
"Shari",40882
"Sharla",6361
"Sharlene",12002
"Sharon",723640
"Sharonda",5839
"Sharron",17213
"Sharyn",7238
"Shaun",71591
"Shauna",27928
"Shawn",332036
"Shawna",45344
"Shay",9864
"Shayla",28783
"Shaylee",6009
"Shayna",15298
"Shayne",12928
"Shea",17422
"Sheena",22247
"Sheila",238205
"Shelbi",5362
"Shelbie",5366
"Shelby",157495
"Sheldon",36114
"Shelia",47810
"Shelley",74197
"Shelli",6981
"Shellie",10856
"Shelly",86278
"Shelton",11784
"Sheree",13539
"Sheri",60490
"Sheridan",8051
"Sherie",5009
"Sherlyn",7263
"Sherman",39022
"Sherri",83711
"Sherrie",35097
"Sherrill",8847
"Sherry",230447
"Sherwood",5605
"Sheryl",78802
"Shiloh",9792
"Shirlee",5707
"Shirley",694206
"Shon",5343
"Shonda",7444
"Shyann",5892
"Shyanne",8648
"Shyla",6670
"Sidney",105185
"Siena",5970
"Sienna",19939
"Sierra",93918
"Silas",33901
"Silvia",19415
"Simeon",7341
"Simon",54204
"Simone",24403
"Sincere",5968
"Siobhan",6620
"Sky",9022
"Skye",18499
"Skyla",9302
"Skylar",63222
"Skyler",56119
"Sloan",5444
"Sloane",6657
"Socorro",7371
"Sofia",99233
"Sol",8768
"Solomon",29320
"Sommer",5732
"Sondra",27031
"Sonia",64619
"Sonja",38798
"Sonny",16279
"Sonya",64664
"Sophia",287751
"Sophie",102436
"Soren",5387
"Spencer",114996
"Stacey",160767
"Staci",25479
"Stacia",8925
"Stacie",39113
"Stacy",184231
"Stan",8380
"Stanford",7575
"Stanley",299145
"Stanton",6406
"Star",7187
"Starla",7742
"Starr",9281
"Stefan",18405
"Stefani",6824
"Stefanie",36837
"Stella",155080
"Stephan",26386
"Stephani",5227
"Stephanie",737798
"Stephany",14317
"Stephen",855396
"Stephenie",5706
"Stephon",7948
"Sterling",30951
"Steve",240473
"Steven",1277582
"Stevie",20392
"Stewart",30935
"Stormy",7186
"Stuart",68547
"Sue",144943
"Sullivan",6752
"Summer",71850
"Sunny",11089
"Sunshine",5043
"Susan",1123009
"Susana",19986
"Susanna",18040
"Susannah",7019
"Susanne",25973
"Susie",84927
"Suzan",8991
"Suzanna",9018
"Suzanne",219090
"Suzette",16548
"Sybil",19009
"Syble",5535
"Sydnee",7709
"Sydney",170297
"Sydni",5080
"Sylvester",43099
"Sylvia",238071
"Tabatha",19263
"Tabitha",57106
"Tad",6781
"Talia",22385
"Taliyah",6024
"Talmadge",5574
"Talon",9590
"Tamar",6174
"Tamara",130278
"Tameka",12765
"Tamela",7181
"Tamera",13958
"Tami",37956
"Tamia",11276
"Tamika",22779
"Tammi",13884
"Tammie",35482
"Tammy",332958
"Tamra",13686
"Tana",9146
"Tanesha",5306
"Tania",27455
"Tanisha",19016
"Tanner",87972
"Tanya",116515
"Tara",173544
"Tariq",5453
"Taryn",24867
"Tasha",35443
"Tate",15997
"Tatiana",31955
"Tatianna",5261
"Tatum",20216
"Tatyana",9936
"Tawana",6540
"Tayler",13100
"Taylor",416096
"Teagan",18268
"Ted",74910
"Teddy",33237
"Teena",5741
"Tegan",6494
"Tena",8092
"Tera",9802
"Terence",33713
"Teresa",413199
"Terese",6482
"Teressa",6457
"Teri",44089
"Terra",14503
"Terrance",68351
"Terrell",36089
"Terrence",70883
"Terri",146649
"Terrie",20043
"Terry",518241
"Tess",13004
"Tessa",42815
"Tessie",9879
"Tevin",10714
"Thad",8090
"Thaddeus",22481
"Thalia",11881
"Thea",8847
"Theda",6529
"Thelma",226278
"Theo",11698
"Theodora",9687
"Theodore",222389
"Theresa",403878
"Therese",34848
"Theron",12262
"Thomas",2291517
"Thurman",16297
"Tia",32219
"Tiana",24678
"Tianna",11975
"Tiara",22882
"Tierra",14620
"Tiffani",14795
"Tiffanie",8978
"Tiffany",335556
"Tillie",14424
"Tim",83035
"Timmy",25635
"Timothy",1064929
"Tina",291899
"Tisha",9409
"Titus",15395
"Tobias",15182
"Toby",39654
"Tod",7690
"Todd",281900
"Tom",139607
"Tomas",26759
"Tommie",51315
"Tommy",177554
"Toney",6513
"Toni",100280
"Tonia",22182
"Tonja",6994
"Tony",249680
"Tonya",120664
"Tori",35148
"Torrey",6035
"Tory",10253
"Tosha",6712
"Trace",10470
"Tracey",94915
"Traci",52293
"Tracie",32717
"Tracy",311482
"Travis",299485
"Travon",6147
"Tre",5276
"Treasure",5145
"Trena",5160
"Trent",48734
"Trenton",53029
"Tressa",6904
"Tressie",5325
"Treva",9613
"Trever",6103
"Trevon",13217
"Trevor",153545
"Trey",35968
"Tricia",40110
"Trina",32378
"Trinidad",9364
"Trinity",71947
"Trisha",39626
"Trista",12295
"Tristan",104156
"Tristen",22547
"Tristian",6648
"Tristin",11489
"Triston",10768
"Troy",210002
"Trudy",25360
"Truman",14349
"Tucker",32719
"Turner",7774
"Twila",11606
"Twyla",6750
"Ty",43629
"Tyler",586491
"Tylor",8226
"Tyra",14250
"Tyree",13999
"Tyrell",14805
"Tyrese",8283
"Tyron",7160
"Tyrone",78310
"Tyson",38905
"Ulises",9346
"Ulysses",16764
"Una",7519
"Unique",7089
"Unknown",18423
"Uriah",7814
"Uriel",14588
"Ursula",14463
"Vada",9805
"Val",7250
"Valarie",18199
"Valencia",10564
"Valentin",8397
"Valentina",24534
"Valentine",7784
"Valentino",6282
"Valeria",59029
"Valerie",252619
"Valery",5658
"Valorie",7270
"Van",28261
"Vance",24483
"Vanesa",6195
"Vanessa",248564
"Vaughn",20089
"Veda",10490
"Velda",7554
"Velma",87029
"Venessa",5676
"Venita",5684
"Venus",8729
"Vera",135951
"Verda",8069
"Verla",6190
"Vern",11939
"Verna",69204
"Verne",6719
"Vernell",10428
"Vernice",8079
"Vernie",6716
"Vernon",147069
"Veronica",215623
"Vesta",8143
"Vicente",17850
"Vickey",5945
"Vicki",153456
"Vickie",110342
"Vicky",53410
"Victor",309757
"Victoria",465493
"Vida",10233
"Vikki",6487
"Vina",5139
"Vince",11255
"Vincent",327753
"Vincenzo",6924
"Viola",130959
"Violet",122984
"Violeta",5124
"Virgie",22456
"Virgil",72375
"Virginia",648542
"Vito",13951
"Vivian",198012
"Viviana",18577
"Vivien",5564
"Vivienne",9638
"Von",5279
"Vonda",10319
"Wade",66647
"Waldo",5659
"Walker",20764
"Wallace",81305
"Walter",620664
"Walton",5516
"Wanda",281893
"Ward",14578
"Warner",7321
"Warren",174138
"Waylon",14178
"Wayne",352633
"Weldon",13813
"Wendell",53427
"Wendi",14469
"Wendy",260766
"Wesley",204382
"Westley",6532
"Weston",32286
"Whitley",5012
"Whitney",100249
"Wilber",6537
"Wilbert",39906
"Wilbur",56844
"Wilburn",10331
"Wilda",12759
"Wiley",16828
"Wilford",10373
"Wilfred",29219
"Wilfredo",9140
"Wilhelmina",11704
"Will",44235
"Willa",24308
"Willard",78023
"William",4071368
"Williams",5657
"Willie",593888
"Willis",52488
"Willow",18235
"Wilma",140392
"Wilmer",15629
"Wilson",44448
"Wilton",8502
"Winfield",5136
"Winfred",10421
"Winifred",43889
"Winnie",23062
"Winona",10781
"Winston",24572
"Winter",6907
"Woodrow",38317
"Wyatt",118665
"Wylie",5068
"Xander",18568
"Xavier",117238
"Ximena",15745
"Xiomara",6779
"Xzavier",6076
"Yadira",12215
"Yael",5648
"Yahir",9202
"Yajaira",5331
"Yareli",6650
"Yaretzi",6754
"Yaritza",6352
"Yasmeen",5028
"Yasmin",18751
"Yasmine",11953
"Yazmin",7834
"Yesenia",38224
"Yessenia",7032
"Yolanda",112572
"Yosef",6181
"Yoselin",5490
"Yusuf",5534
"Yvette",62875
"Yvonne",155586
"Zachariah",24605
"Zachary",519870
"Zachery",29144
"Zack",7371
"Zackary",29357
"Zackery",17047
"Zaire",5301
"Zakary",5182
"Zander",15554
"Zane",40324
"Zara",7076
"Zaria",7541
"Zariah",6683
"Zayden",10415
"Zechariah",8175
"Zelda",11973
"Zella",11747
"Zelma",16792
"Zena",5126
"Zion",25728
"Zoe",105172
"Zoey",57881
"Zoie",8293
"Zola",6798
"Zora",7233
